DriveFileID	Filename
1q73mKowvDH2VRNFnwNYEVDLX0iBTkkf1	IMG_9707.HEIC
1HK5YnmdIjhwZqj8Cg3fcoTXDW4VuliAj	IMG_9720.HEIC
1u2KVBAu0HQEeBNWU4EyhZQ0ixSoa_CJh	IMG_9709.HEIC
16UVsaOPk4oR6oTCjHVjjzuU_mj4J944c	IMG_9703.HEIC
1kSl3-K7_ojS54ZGug1JPreIa5tJA1Vqn	IMG_9727.HEIC
1rUG40AK9vN5fOrjSNroERBTsH8rTiG-g	IMG_9715.HEIC
1C7vqph9hP6UTKb32Y-e9ngv9Zfcl-tds	IMG_9717.HEIC
1LLEJyNd88q_Zp6naGF3t3b90HOK7Vk5F	IMG_9699.HEIC
1HIU6pQ73_kybtit058uVsyd8LnHhlIDG	IMG_9723.HEIC
1VbB2xH3EL0lMI1y9aAL5RSPjlfNKWD0D	IMG_9701.HEIC
1Ng-YiP2iObyWxYnqFPSPlZ680xFavxH3	IMG_9722.HEIC
1c5Sx-qL8uFNG28Fs_v50MVwhQlS0AKwo	IMG_9713.HEIC
12ItILWt7_6-cUkor8rFsbMgd2VBblYrZ	IMG_9725.HEIC
1Em-FHS6wdFCw3qhRu2mPUCK2G8lc-iZD	IMG_9721.HEIC
1iObMljJVAqXd4Ee4zNfuZrAarYLvT0RA	IMG_9719.HEIC
1clcjOXQGTvQkOCjhN4WmKMdd-ZoSiZyg	IMG_9718.HEIC
1HrmNWE_LZRFaw0klD2y6QSIo4YGj-8zr	IMG_9697.HEIC
1kuBn4kMcYDHc5t8Fj6FwOw5oYytkVzUz	IMG_9710.HEIC
1kQF2FVS4VykNDtNYg2oiUdIbMRMQvUlU	IMG_9647.HEIC
1JT0vcxTk1ZaYq3r0gxhbx4suaC_aCFzQ	IMG_9724.HEIC
1aD6vHYSIK-TC76D7TDSVCZKIm2QMr8vO	IMG_9716.HEIC
1s_SJ0ltJfD4EHJoczFcs2rQ2diV9xvPh	IMG_9712.HEIC
1SKzh445Ie_6iQAuF7uyjmnNhQxn-iUfq	IMG_9730.HEIC
1qApLcpNwA6ad69jpPL3E8rN6j4MD0qT4	IMG_9726.HEIC
1dSXAJz6LdWyMdLwZeROhSwfo6vgedbYO	IMG_9728.HEIC
1jkirvXLpDYEA6S8cUuxeSeXy0Pp8nmj5	IMG_9690.HEIC
12BZOYIXzMqYwXutSUQa_JnRP5vBxOlO2	IMG_9729.HEIC
1nITVrfFLPwbQ7QlgQ0pVpoBWi6cpEJ9T	IMG_9698.HEIC
1efPkrvvpjXOEm4NVqn8L1R2tbXIOudnx	IMG_9645.HEIC
1NnJzYWjLyKea795mCbqFVHvzmtD1RaOY	IMG_9732.HEIC
1IGruOfxRSc5B3wLDZsWJjmuuZSsJbJkA	IMG_9745.HEIC
1Tkkuc27TVGVSirYQwF-03wSdOfiQ9sWN	IMG_9739.HEIC
1IP_whv3b_2EXq3lSvpPkT3_JDEUSrRYT	IMG_9746.HEIC
1G62Zn9rWLL_th2BEHAhPlCCHNLHAvOBo	IMG_9646.HEIC
1pue1S2buykVNyp5y2b0YlTyulEVXWwQ2	IMG_9696.HEIC
1EgAt7c2WRC23yseTGqlyihRr7PvChRNT	IMG_9702.HEIC
1Nm6t9d60drlPIl3hbwmSgVN7aodt9yO2	IMG_9700.HEIC
1aZRdaa26ADrxNApU5UgLOt7VHysZtImt	IMG_9731.HEIC
1b2YpyCKXIhDbTTmxm5YAk62_Be95rNbc	IMG_9750.HEIC
18AklBFiFLaSwhTNT8uv8A39-Nb5vl62z	IMG_9740.HEIC
1FB9maRLTIQl7xgaFJBWqNWWuoQKWOX_7	IMG_9744.HEIC
1g3kJxlpMmAtSBUzImcfXONx-vrSQBALW	IMG_9668.HEIC
1KpbsG3rEkRSGTDD0UpQUejvb-ZrU4Cxy	IMG_9692.HEIC
1-SXo4VcfA-JjTwl6J9xEEiwRAIQyurtN	IMG_9695.HEIC
1AvKzi6tjX785GBhBxZQEFDxolCABSIox	IMG_9733.HEIC
1PEy05UtqtP7rlA1UwNYqdY8DE8AfvDu4	IMG_9743.HEIC
1LsrkNMQZNFcYsnLevczZcB6w4Q9vEU9j	IMG_9714.HEIC
1fDg6dIzV7MI1gO018vSVxxoD5S61hHNZ	IMG_9651.HEIC
1NqnR0iNghV2jeSxbF_TOIHPEEUNmtenV	IMG_9658.HEIC
1CbVpKOctswQS28GmjnLdsslp-zizsp8J	IMG_9741.HEIC
1jaaGxtHti0us3wPPbZ5LTgetlc3gdLcZ	IMG_9735.HEIC
1D9x9IaUiSrpYJLhCtBdJIvUcjGtKjpFK	IMG_9708.HEIC
1FRZ6PgHgy0z2DUOMz1Cyl2LK3OZLr0Aw	IMG_9659.HEIC
1_mvHmNCX_SjuFV8nxYGAyN_hcqmpq1qS	IMG_9648.HEIC
1N26InSrP4vbYGrBYekF8MZXochE0Iu20	IMG_9742.HEIC
1xePOSKoKwFbHENXvsJ3UskdkC-8giUfT	IMG_9734.HEIC
1_zXYHpmlvaoJHUitWWIm5mpfSDUmfqZ5	IMG_9749.HEIC
1x4HWaLqm5DViW6CRiHoM-8lLNvvwF52G	IMG_9669.HEIC
1UY4eCpzrTBkcbkElz34YL7I1bGDAgtro	IMG_9694.HEIC
1PKGmvG6SGd-RD6Q6Fqpjk_kVyVRycDw9	IMG_9683.HEIC
1IkbT0t2cV7_simEOHg9Pv3aLpZopD8u1	IMG_9738.HEIC
1VDf-P5OqCKIkrYD05Dg3o8nyqpN7LMn7	IMG_9693.HEIC
1-tFRVX_ddw3U9mVIbMJF060GQNTC4bGs	IMG_9737.HEIC
1CqZVO56KUqxj_-yMyt33lXHLCdGvDNAT	IMG_9682.HEIC
1P0nHMIJ4jpj6CTy6LbWlXb5cecP-AoI1	IMG_9711.HEIC
1a3Jzj_G57axGDoQA7HAvRaUAzcWgpuAc	IMG_9674.HEIC
1fbLhXsZmhlmtjbowQogwGx1zHqAypETO	IMG_9649.HEIC
1L5qhkH-ar571pNKoyVh2uJs39QMunZax	IMG_9684.HEIC
1kz_25NFwTqi7VdtXFngwCIBzghzoZAqV	IMG_9747.HEIC
1nlWCrWJ0r8LRyfMKvp1RIoEqcA7jaygd	IMG_9736.HEIC
1T_O8umFjtfwBLNFsEupJJao2_rHYN-IW	IMG_9653.HEIC
1e4tPj_igQCxrJ0G9iaY6CGH0DRADaVap	IMG_9704.HEIC
1F_Fmf4AZ4-kbb0s5MpSeU5tIMkIMZIFD	IMG_9654.HEIC
1Ly5KUdhCdgQiDWGcC3GOdL2cpSoN7mb5	IMG_9691.HEIC
14kmD8HzOoZpUA189VFMdhXR8L-x4nBsl	IMG_9657.HEIC
1qCekxdpWFBIoYRVXfr7RCwebxQPlWBW3	IMG_9685.HEIC
1p9d8TPIyngOfqF_8-3YjsllUE898phOy	IMG_9705.HEIC
10dJvPr5eXdAoriYKVBMNB3TC2zFokCp-	IMG_9681.HEIC
1CDG8bHOI9zfEx0ed-LsFqELWh3ASCxQR	IMG_9656.HEIC
1qMXaekglnqHRTq5YKXnEhCSYdAcOJ2rW	IMG_9686.HEIC
18Ki55UoFMZTCJ44MYn7cg-oTmzCXtg8P	IMG_9666.HEIC
1heAQKMDRUyEHT4AmZYaNQMqEg1sikvJ3	IMG_9664.HEIC
1JKkrtQF23yXpFjL8l6wCmLE1yIIHQo-Z	IMG_9655.HEIC
1cdqgPOCfsGbBypH5AsZDCILSXAPizHEA	IMG_9670.HEIC
1zKr9rlhYLC1g5nAyOisF8CXZX5Iu138X	IMG_9665.HEIC
1FAhs4B8cuH1T2OXiJIyFve3Heqcu0Fnw	IMG_9661.HEIC
1IrswX1X5IgftpCu98U00diETPILURk4T	IMG_9660.HEIC
1RSxeKUy7cJ-nUrkKYROdU8vXjm8P3vkM	IMG_9748.HEIC
1vplQushBd6FvgrgfznqZEu5jgm9MrJEt	IMG_9663.HEIC
1R58WLDxrR3FoEjIVnKIHSHPJ4hbstyF6	IMG_9667.HEIC
1OHoO2q9Rn_2_fFK_TKwutj1FFb4tEEPa	IMG_9652.HEIC
1KATQkxRBx7Va4_onmnH3a8MrCHN466Dz	IMG_9662.HEIC
